chapter,sent_id,tokens_in_sentence
1,1,24
1,2,22
1,3,5
1,4,36
1,5,12
1,6,10
1,7,45
1,8,10
1,9,20
1,10,42
1,11,29
1,12,24
1,13,29
1,14,21
1,15,24
1,16,37
1,17,21
1,18,17
1,19,19
1,20,24
1,21,12
1,22,45
1,23,7
1,24,3
1,25,26
1,26,26
1,27,15
1,28,30
1,29,19
1,30,8
1,31,11
1,32,3
1,33,8
1,34,7
1,35,12
1,36,41
1,37,27
1,38,27
1,39,21
1,40,17
1,41,44
1,42,20
1,43,32
1,44,18
1,45,58
1,46,30
1,47,62
1,48,18
1,49,6
1,50,5
1,51,6
1,52,30
1,53,32
1,54,11
1,55,104
1,56,65
1,57,23
1,58,4
1,59,14
1,60,10
1,61,38
1,62,35
1,63,21
1,64,29
1,65,8
1,66,27
1,67,35
1,68,7
1,69,8
1,70,5
1,71,7
1,72,6
1,73,16
1,74,6
1,75,25
1,76,6
1,77,15
1,78,30
1,79,46
1,80,26
1,81,15
1,82,10
1,83,5
1,84,23
1,85,7
1,86,37
1,87,4
1,88,40
1,89,4
1,90,45
1,91,3
1,92,7
1,93,16
1,94,38
1,95,13
1,96,22
1,97,15
1,98,39
1,99,13
1,100,15
1,101,32
1,102,45
1,103,15
1,104,8
1,105,8
1,106,26
1,107,32
1,108,34
1,109,27
1,110,12
1,111,45
1,112,29
1,113,35
1,114,28
1,115,46
1,116,32
1,117,7
1,118,4
1,119,41
1,120,39
1,121,27
1,122,16
1,123,23
1,124,38
1,125,69
1,126,22
1,127,6
1,128,3
1,129,23
1,130,8
1,131,2
1,132,14
1,133,21
1,134,6
1,135,14
1,136,13
1,137,7
1,138,31
1,139,33
1,140,2
1,141,30
1,142,4
1,143,9
1,144,30
1,145,14
1,146,60
1,147,23
1,148,37
1,149,28
1,150,14
1,151,31
1,152,28
1,153,16
1,154,29
1,155,13
1,156,51
1,157,14
1,158,1
1,159,58
1,160,33
1,161,11
1,162,27
1,163,9
1,164,18
1,165,6
1,166,2
1,167,6
1,168,54
1,169,5
1,170,6
1,171,29
1,172,26
1,173,11
1,174,16
1,175,40
1,176,22
1,177,17
1,178,6
1,179,3
1,180,29
1,181,33
1,182,11
1,183,7
1,184,20
1,185,22
1,186,27
1,187,16
1,188,19
1,189,38
1,190,26
1,191,10
1,192,26
1,193,12
1,194,4
1,195,13
1,196,11
1,197,18
1,198,11
1,199,45
1,200,13
1,201,15
1,202,29
1,203,9
1,204,6
1,205,19
1,206,6
1,207,24
1,208,15
1,209,8
1,210,31
1,211,14
1,212,36
1,213,15
1,214,21
1,215,8
1,216,47
1,217,25
1,218,11
1,219,21
1,220,34
1,221,16
1,222,16
1,223,12
1,224,31
1,225,29
1,226,9
1,227,15
1,228,22
1,229,33
1,230,29
1,231,5
1,232,18
1,233,6
1,234,8
1,235,19
1,236,20
1,237,13
1,238,11
1,239,32
1,240,5
1,241,18
1,242,17
1,243,14
1,244,16
1,245,14
1,246,18
1,247,10
1,248,21
1,249,6
1,250,13
1,251,7
1,252,5
1,253,15
1,254,11
1,255,26
1,256,32
1,257,10
1,258,56
1,259,7
1,260,18
1,261,28
1,262,18
1,263,6
1,264,8
1,265,48
1,266,32
1,267,33
1,268,18
1,269,34
1,270,33
1,271,69
1,272,9
1,273,22
1,274,4
1,275,16
1,276,19
1,277,37
1,278,18
1,279,33
1,280,25
1,281,47
1,282,10
1,283,57
1,284,47
1,285,29
1,286,11
1,287,26
1,288,50
1,289,23
1,290,30
1,291,36
1,292,37
1,293,25
1,294,19
1,295,13
1,296,5
1,297,8
1,298,25
1,299,19
1,300,23
1,301,20
1,302,41
1,303,30
1,304,36
1,305,6
1,306,8
1,307,20
1,308,33
1,309,11
1,310,4
1,311,12
1,312,9
1,313,20
1,314,13
1,315,20
1,316,9
1,317,13
1,318,17
1,319,17
1,320,22
1,321,10
1,322,40
1,323,30
1,324,19
1,325,1
1,326,17
1,327,18
1,328,33
1,329,41
1,330,8
1,331,88
1,332,5
1,333,83
1,334,42
1,335,20
1,336,6
1,337,17
1,338,24
1,339,21
1,340,19
1,341,28
1,342,9
1,343,16
1,344,4
1,345,6
1,346,6
1,347,12
1,348,20
1,349,30
1,350,35
1,351,7
1,352,17
1,353,8
1,354,22
1,355,15
1,356,13
1,357,9
1,358,12
1,359,14
1,360,42
1,361,17
1,362,35
1,363,12
1,364,34
1,365,32
1,366,23
1,367,2
1,368,47
1,369,27
1,370,24
1,371,18
1,372,31
1,373,19
1,374,38
1,375,29
1,376,13
1,377,41
1,378,10
1,379,27
1,380,48
1,381,27
1,382,21
1,383,11
1,384,15
1,385,26
1,386,2
1,387,15
1,388,73
1,389,18
1,390,12
1,391,12
1,392,6
1,393,5
1,394,7
1,395,13
1,396,8
1,397,7
1,398,7
1,399,15
1,400,12
1,401,18
1,402,9
1,403,10
1,404,13
1,405,19
1,406,24
1,407,40
1,408,6
1,409,4
1,410,5
1,411,24
1,412,6
1,413,50
1,414,38
1,415,8
1,416,26
1,417,23
1,418,16
1,419,9
1,420,3
1,421,2
1,422,10
1,423,3
1,424,9
1,425,23
1,426,32
1,427,71
1,428,17
1,429,3
1,430,2
1,431,3
1,432,6
1,433,12
1,434,45
1,435,32
1,436,23
1,437,10
1,438,10
1,439,24
1,440,9
1,441,20
1,442,17
1,443,7
1,444,9
1,445,14
1,446,23
1,447,17
1,448,10
1,449,27
1,450,14
1,451,8
1,452,3
1,453,7
1,454,29
1,455,15
1,456,7
1,457,5
1,458,2
1,459,45
1,460,4
1,461,4
1,462,17
1,463,13
1,464,4
1,465,12
1,466,27
1,467,28
1,468,7
1,469,4
1,470,19
1,471,38
1,472,15
1,473,17
1,474,22
1,475,18
1,476,4
1,477,20
1,478,21
1,479,6
1,480,45
1,481,22
1,482,10
1,483,29
1,484,17
1,485,9
1,486,32
1,487,15
1,488,9
1,489,5
1,490,11
1,491,20
1,492,5
1,493,5
1,494,8
1,495,5
1,496,19
1,497,29
1,498,6
1,499,10
1,500,17
1,501,6
1,502,17
1,503,34
1,504,19
1,505,41
1,506,11
1,507,39
1,508,16
1,509,27
1,510,43
1,511,35
1,512,10
1,513,20
1,514,24
1,515,19
1,516,19
1,517,18
1,518,14
1,519,19
1,520,6
1,521,48
1,522,25
1,523,34
1,524,20
1,525,14
1,526,18
1,527,36
1,528,9
1,529,42
2,1,22
2,2,20
2,3,41
2,4,19
2,5,20
2,6,27
2,7,21
2,8,14
2,9,25
2,10,35
2,11,48
2,12,31
2,13,22
2,14,14
2,15,41
2,16,13
2,17,8
2,18,6
2,19,3
2,20,11
2,21,35
2,22,26
2,23,28
2,24,33
2,25,16
2,26,20
2,27,48
2,28,7
2,29,19
2,30,12
2,31,37
2,32,6
2,33,25
2,34,20
2,35,13
2,36,26
2,37,30
2,38,67
2,39,19
2,40,26
2,41,36
2,42,37
2,43,28
2,44,18
2,45,19
2,46,30
2,47,13
2,48,22
2,49,23
2,50,36
2,51,5
2,52,26
2,53,37
2,54,23
2,55,16
2,56,9
2,57,47
2,58,14
2,59,53
2,60,42
2,61,47
2,62,25
2,63,28
2,64,66
2,65,9
2,66,54
2,67,27
2,68,14
2,69,15
2,70,18
2,71,26
2,72,17
2,73,26
2,74,10
2,75,10
2,76,26
2,77,82
2,78,23
2,79,14
2,80,34
2,81,28
2,82,20
2,83,11
2,84,20
2,85,13
2,86,7
2,87,26
2,88,33
2,89,34
2,90,8
2,91,38
2,92,8
2,93,7
2,94,46
2,95,7
2,96,6
2,97,88
2,98,19
2,99,22
2,100,55
2,101,21
2,102,18
2,103,13
2,104,24
2,105,35
2,106,24
2,107,34
2,108,28
2,109,17
2,110,10
2,111,12
2,112,24
2,113,26
2,114,32
2,115,14
2,116,36
2,117,33
2,118,51
2,119,9
2,120,4
2,121,20
2,122,46
2,123,42
2,124,16
2,125,9
2,126,19
2,127,11
2,128,27
2,129,20
2,130,9
2,131,54
2,132,65
2,133,36
2,134,18
2,135,44
2,136,11
2,137,16
2,138,17
2,139,11
2,140,10
2,141,16
2,142,8
2,143,16
2,144,45
2,145,41
2,146,20
2,147,24
2,148,18
2,149,17
2,150,16
2,151,74
2,152,20
2,153,49
2,154,57
2,155,26
2,156,14
2,157,18
2,158,31
2,159,46
2,160,31
2,161,14
2,162,9
2,163,13
2,164,3
2,165,1
2,166,4
2,167,23
2,168,56
2,169,20
2,170,20
2,171,12
2,172,22
2,173,13
2,174,34
2,175,9
2,176,14
2,177,55
2,178,6
2,179,11
2,180,45
2,181,30
2,182,12
2,183,21
2,184,6
2,185,25
2,186,41
2,187,44
2,188,68
2,189,25
2,190,11
2,191,25
2,192,20
2,193,13
2,194,25
2,195,49
2,196,15
2,197,30
2,198,14
2,199,31
2,200,23
2,201,37
2,202,17
2,203,42
2,204,45
2,205,30
2,206,14
2,207,29
2,208,33
2,209,20
2,210,44
2,211,37
2,212,10
2,213,22
2,214,17
2,215,16
2,216,48
2,217,50
2,218,35
2,219,17
2,220,13
2,221,21
2,222,23
2,223,34
2,224,54
2,225,37
2,226,41
2,227,9
2,228,6
2,229,12
2,230,32
2,231,7
2,232,49
2,233,27
2,234,16
2,235,53
2,236,89
2,237,56
2,238,10
2,239,34
2,240,21
2,241,4
2,242,21
2,243,42
2,244,4
2,245,26
2,246,29
3,1,70
3,2,51
3,3,45
3,4,6
3,5,6
3,6,13
3,7,16
3,8,19
3,9,25
3,10,13
3,11,7
3,12,38
3,13,15
3,14,19
3,15,20
3,16,26
3,17,31
3,18,8
3,19,21
3,20,23
3,21,22
3,22,12
3,23,11
3,24,12
3,25,13
3,26,13
3,27,16
3,28,14
3,29,44
3,30,11
3,31,10
3,32,10
3,33,21
3,34,15
3,35,41
3,36,12
3,37,12
3,38,35
3,39,33
3,40,29
3,41,22
3,42,26
3,43,9
3,44,12
3,45,15
3,46,29
3,47,28
3,48,17
3,49,71
3,50,32
3,51,23
3,52,12
3,53,10
3,54,14
3,55,18
3,56,19
3,57,3
3,58,16
3,59,28
3,60,12
3,61,23
3,62,45
3,63,23
3,64,29
3,65,18
3,66,42
3,67,21
3,68,27
3,69,42
3,70,37
3,71,10
3,72,19
3,73,15
3,74,8
3,75,19
3,76,41
3,77,25
3,78,34
3,79,15
3,80,39
3,81,42
3,82,50
3,83,13
3,84,27
3,85,38
3,86,12
3,87,6
3,88,20
3,89,17
3,90,16
3,91,6
3,92,22
3,93,11
3,94,28
3,95,13
3,96,55
3,97,66
3,98,50
3,99,40
3,100,14
3,101,38
3,102,12
3,103,27
3,104,33
3,105,34
3,106,25
3,107,3
3,108,41
3,109,38
3,110,72
3,111,5
3,112,50
3,113,13
3,114,13
3,115,28
3,116,29
3,117,7
3,118,23
3,119,9
3,120,13
3,121,26
3,122,25
3,123,38
3,124,40
3,125,37
3,126,30
3,127,30
3,128,63
3,129,11
3,130,20
3,131,43
3,132,31
3,133,32
3,134,17
3,135,14
3,136,24
3,137,29
3,138,6
3,139,12
3,140,11
3,141,19
3,142,49
3,143,34
3,144,64
3,145,8
3,146,16
3,147,18
3,148,6
3,149,10
3,150,12
3,151,50
3,152,3
3,153,15
3,154,20
3,155,36
3,156,38
3,157,24
3,158,31
3,159,9
3,160,35
3,161,24
3,162,35
3,163,25
3,164,12
3,165,31
3,166,12
3,167,14
3,168,26
3,169,12
3,170,61
3,171,28
3,172,47
3,173,35
3,174,18
3,175,28
3,176,32
3,177,14
3,178,42
3,179,22
3,180,5
3,181,12
3,182,14
3,183,40
3,184,10
3,185,5
3,186,10
3,187,13
3,188,34
3,189,27
3,190,65
3,191,20
3,192,6
3,193,6
3,194,36
3,195,9
3,196,10
3,197,8
3,198,37
3,199,28
3,200,12
3,201,8
3,202,9
3,203,17
3,204,22
3,205,13
3,206,6
3,207,33
3,208,24
3,209,12
3,210,9
3,211,10
3,212,12
3,213,20
3,214,16
3,215,14
3,216,24
3,217,27
3,218,20
3,219,14
3,220,21
3,221,27
3,222,7
3,223,17
3,224,8
3,225,16
3,226,11
3,227,8
3,228,11
3,229,15
3,230,10
3,231,17
3,232,20
3,233,37
3,234,43
3,235,14
3,236,5
3,237,21
3,238,35
3,239,28
3,240,50
3,241,20
3,242,10
3,243,8
3,244,15
3,245,7
3,246,17
3,247,61
3,248,45
3,249,33
3,250,6
3,251,16
3,252,3
3,253,8
3,254,25
3,255,29
3,256,15
3,257,20
3,258,23
3,259,22
3,260,33
3,261,6
3,262,40
3,263,20
3,264,31
3,265,30
3,266,18
3,267,19
3,268,29
3,269,18
3,270,14
3,271,34
3,272,21
3,273,12
3,274,14
3,275,40
3,276,40
3,277,22
3,278,53
3,279,24
3,280,9
3,281,24
3,282,31
3,283,18
3,284,45
3,285,3
3,286,16
3,287,13
3,288,36
3,289,14
3,290,35
3,291,19
3,292,11
3,293,4
3,294,45
3,295,49
3,296,30
3,297,72
3,298,43
3,299,41
3,300,31
3,301,17
3,302,7
3,303,3
3,304,28
3,305,26
3,306,7
3,307,5
3,308,18
3,309,14
3,310,21
3,311,33
3,312,11
3,313,17
3,314,6
3,315,36
3,316,38
3,317,34
3,318,31
3,319,14
3,320,12
3,321,23
3,322,42
3,323,20
3,324,8
3,325,16
3,326,25
3,327,23
3,328,65
3,329,57
3,330,28
3,331,25
3,332,30
3,333,22
3,334,22
3,335,12
3,336,10
3,337,49
3,338,11
3,339,30
3,340,26
3,341,33
3,342,17
3,343,14
3,344,50
3,345,43
3,346,16
3,347,37
3,348,23
3,349,44
3,350,14
3,351,7
3,352,30
3,353,13
3,354,5
3,355,14
3,356,26
3,357,19
3,358,9
3,359,26
3,360,42
3,361,4
3,362,21
3,363,40
3,364,5
3,365,32
3,366,54
3,367,29
3,368,6
3,369,41
3,370,20
3,371,39
3,372,21
3,373,3
3,374,9
3,375,22
3,376,7
3,377,24
3,378,9
3,379,57
3,380,16
3,381,17
3,382,30
3,383,40
3,384,33
3,385,60
3,386,21
3,387,41
3,388,46
3,389,23
3,390,57
3,391,15
3,392,23
3,393,50
4,1,19
4,2,19
4,3,34
4,4,25
4,5,24
4,6,8
4,7,124
4,8,11
4,9,13
4,10,23
4,11,32
4,12,40
4,13,40
4,14,10
4,15,14
4,16,11
4,17,20
4,18,16
4,19,22
4,20,23
4,21,17
4,22,21
4,23,21
4,24,12
4,25,14
4,26,12
4,27,12
4,28,8
4,29,5
4,30,7
4,31,3
4,32,21
4,33,24
4,34,19
4,35,9
4,36,7
4,37,8
4,38,16
4,39,44
4,40,26
4,41,13
4,42,23
4,43,14
4,44,27
4,45,15
4,46,23
4,47,11
4,48,21
4,49,10
4,50,3
4,51,23
4,52,19
4,53,6
4,54,28
4,55,28
4,56,4
4,57,11
4,58,28
4,59,3
4,60,16
4,61,9
4,62,15
4,63,9
4,64,2
4,65,25
4,66,29
4,67,11
4,68,33
4,69,19
4,70,38
4,71,46
4,72,6
4,73,5
4,74,19
4,75,14
4,76,21
4,77,9
4,78,54
4,79,24
4,80,16
4,81,6
4,82,17
4,83,6
4,84,16
4,85,21
4,86,12
4,87,22
4,88,31
4,89,25
4,90,12
4,91,13
4,92,11
4,93,18
4,94,4
4,95,17
4,96,16
4,97,13
4,98,24
4,99,9
4,100,15
4,101,8
4,102,15
4,103,47
4,104,75
4,105,31
4,106,16
4,107,51
4,108,11
4,109,28
4,110,15
4,111,18
4,112,11
4,113,13
4,114,19
4,115,9
4,116,42
4,117,59
4,118,29
4,119,36
4,120,27
4,121,14
4,122,18
4,123,45
4,124,45
4,125,11
4,126,16
4,127,3
4,128,5
4,129,15
4,130,33
4,131,7
4,132,13
4,133,26
4,134,15
4,135,31
4,136,34
4,137,40
4,138,17
5,1,83
5,2,15
5,3,12
5,4,37
5,5,9
5,6,12
5,7,15
5,8,9
5,9,12
5,10,31
5,11,4
5,12,6
5,13,15
5,14,28
5,15,19
5,16,9
5,17,29
5,18,35
5,19,62
5,20,14
5,21,29
5,22,21
5,23,15
5,24,21
5,25,36
5,26,16
5,27,5
5,28,80
5,29,37
5,30,22
5,31,10
5,32,25
5,33,11
5,34,3
5,35,11
5,36,2
5,37,4
5,38,27
5,39,20
5,40,22
5,41,11
5,42,15
5,43,6
5,44,5
5,45,26
5,46,16
5,47,30
5,48,42
5,49,20
5,50,2
5,51,26
5,52,19
5,53,54
5,54,14
5,55,21
5,56,49
5,57,23
5,58,10
5,59,56
5,60,51
5,61,23
5,62,14
5,63,40
5,64,45
5,65,4
5,66,78
5,67,17
5,68,19
5,69,5
5,70,13
5,71,7
5,72,4
5,73,11
5,74,19
5,75,20
5,76,15
5,77,24
5,78,34
5,79,23
5,80,34
5,81,32
5,82,57
5,83,46
5,84,16
5,85,34
5,86,10
5,87,31
5,88,26
5,89,38
5,90,28
5,91,21
5,92,33
5,93,15
5,94,3
5,95,17
5,96,13
5,97,64
5,98,45
5,99,27
5,100,39
5,101,23
5,102,22
5,103,19
5,104,36
5,105,22
5,106,14
5,107,8
5,108,11
5,109,11
5,110,32
5,111,57
6,1,39
6,2,26
6,3,14
6,4,51
6,5,69
6,6,26
6,7,11
6,8,32
6,9,17
6,10,16
6,11,32
6,12,39
6,13,25
6,14,19
6,15,8
6,16,18
6,17,17
6,18,12
6,19,18
6,20,13
6,21,41
6,22,12
6,23,15
6,24,13
6,25,8
6,26,3
6,27,37
6,28,13
6,29,17
6,30,20
6,31,21
6,32,29
6,33,12
6,34,24
6,35,24
6,36,22
6,37,57
6,38,50
6,39,44
6,40,31
6,41,45
6,42,30
6,43,32
6,44,18
6,45,1
6,46,40
6,47,54
6,48,33
6,49,5
6,50,4
6,51,3
6,52,5
6,53,6
6,54,6
6,55,24
6,56,20
6,57,5
6,58,17
6,59,13
6,60,38
6,61,13
6,62,10
6,63,28
6,64,19
6,65,17
6,66,3
6,67,6
6,68,10
6,69,25
6,70,24
6,71,39
6,72,35
6,73,36
6,74,13
6,75,32
6,76,20
6,77,11
6,78,10
6,79,42
6,80,28
6,81,40
6,82,8
6,83,16
6,84,15
6,85,6
6,86,6
6,87,10
6,88,36
6,89,21
6,90,26
6,91,30
6,92,24
6,93,22
6,94,20
6,95,8
6,96,23
6,97,17
6,98,46
6,99,20
6,100,23
6,101,21
6,102,31
6,103,34
6,104,7
6,105,7
6,106,8
6,107,23
6,108,4
6,109,11
6,110,21
6,111,29
6,112,34
6,113,34
6,114,25
6,115,24
6,116,60
6,117,19
6,118,16
6,119,40
6,120,32
6,121,18
6,122,11
6,123,37
6,124,18
6,125,32
6,126,12
6,127,8
6,128,1
6,129,4
6,130,16
6,131,10
6,132,25
6,133,17
6,134,16
6,135,11
6,136,7
6,137,17
6,138,34
6,139,25
6,140,25
6,141,15
6,142,9
6,143,38
6,144,30
6,145,15
6,146,10
6,147,5
6,148,32
6,149,13
6,150,6
6,151,27
6,152,16
6,153,23
6,154,15
6,155,8
6,156,30
6,157,17
6,158,15
6,159,14
6,160,45
6,161,17
6,162,27
6,163,26
6,164,18
6,165,6
6,166,21
6,167,15
6,168,5
6,169,15
6,170,13
6,171,16
6,172,15
6,173,4
6,174,9
6,175,9
6,176,16
6,177,17
6,178,36
6,179,12
6,180,13
6,181,5
6,182,16
6,183,58
6,184,48
6,185,47
6,186,31
6,187,66
6,188,41
6,189,44
6,190,49
6,191,3
6,192,20
6,193,18
6,194,10
6,195,23
6,196,15
6,197,10
6,198,33
6,199,30
6,200,7
6,201,28
6,202,49
6,203,13
6,204,15
6,205,29
6,206,25
6,207,67
6,208,25
6,209,20
6,210,62
6,211,7
6,212,13
6,213,6
6,214,21
6,215,10
6,216,9
6,217,14
6,218,22
6,219,33
6,220,6
6,221,15
6,222,9
6,223,7
6,224,16
6,225,10
6,226,26
6,227,54
6,228,28
6,229,7
6,230,25
6,231,11
6,232,10
6,233,7
6,234,21
6,235,12
6,236,20
6,237,18
6,238,19
6,239,53
6,240,11
6,241,34
6,242,41
6,243,33
6,244,107
6,245,21
6,246,29
6,247,2
6,248,15
6,249,40
6,250,3
6,251,58
6,252,51
6,253,21
6,254,30
6,255,26
6,256,26
6,257,19
6,258,22
6,259,38
6,260,8
6,261,21
6,262,9
6,263,6
6,264,3
6,265,16
6,266,5
6,267,37
6,268,14
6,269,35
6,270,15
6,271,26
6,272,21
6,273,3
6,274,17
6,275,23
6,276,13
6,277,48
6,278,27
6,279,7
6,280,17
6,281,6
6,282,22
6,283,24
6,284,25
6,285,64
6,286,30
6,287,13
6,288,15
6,289,22
6,290,22
6,291,15
6,292,22
6,293,12
6,294,20
6,295,15
6,296,8
6,297,28
6,298,11
6,299,3
6,300,13
6,301,15
6,302,21
6,303,12
6,304,32
6,305,11
6,306,15
6,307,23
6,308,32
6,309,21
6,310,18
6,311,17
6,312,32
6,313,14
6,314,12
6,315,19
6,316,11
6,317,8
6,318,18
6,319,19
6,320,81
6,321,17
6,322,8
6,323,16
6,324,16
6,325,10
6,326,18
6,327,11
6,328,10
6,329,9
6,330,7
6,331,14
6,332,31
6,333,33
6,334,10
6,335,6
6,336,13
6,337,23
6,338,1
6,339,15
6,340,22
6,341,28
6,342,23
6,343,27
6,344,1
6,345,6
6,346,13
6,347,47
6,348,4
6,349,6
6,350,9
6,351,34
6,352,5
6,353,28
6,354,53
6,355,22
6,356,12
6,357,15
6,358,18
6,359,27
6,360,44
6,361,37
6,362,6
6,363,54
6,364,15
6,365,3
6,366,58
6,367,15
6,368,26
6,369,23
6,370,25
7,1,28
7,2,37
7,3,46
7,4,16
7,5,25
7,6,43
7,7,25
7,8,44
7,9,9
7,10,10
7,11,7
7,12,16
7,13,58
7,14,16
7,15,25
7,16,16
7,17,40
7,18,38
7,19,35
7,20,22
7,21,24
7,22,28
7,23,47
7,24,40
7,25,11
7,26,33
7,27,61
7,28,45
7,29,15
7,30,6
7,31,30
7,32,33
7,33,42
7,34,13
7,35,25
7,36,63
7,37,49
7,38,40
7,39,13
7,40,25
7,41,11
7,42,21
7,43,29
7,44,14
7,45,18
7,46,18
7,47,51
7,48,6
7,49,63
7,50,36
7,51,17
7,52,51
7,53,34
7,54,54
7,55,23
7,56,29
7,57,21
7,58,33
7,59,12
7,60,51
7,61,66
7,62,71
7,63,42
7,64,52
7,65,25
7,66,95
7,67,21
7,68,43
7,69,37
7,70,20
7,71,27
7,72,56
7,73,33
7,74,68
7,75,31
7,76,10
7,77,10
7,78,16
7,79,36
7,80,29
7,81,46
7,82,67
7,83,29
7,84,15
7,85,43
7,86,28
7,87,72
7,88,61
7,89,18
7,90,63
7,91,5
7,92,9
7,93,72
7,94,27
7,95,16
7,96,70
7,97,16
7,98,9
7,99,44
7,100,29
7,101,20
7,102,29
7,103,79
7,104,41
7,105,17
7,106,41
7,107,10
7,108,32
7,109,16
7,110,25
7,111,29
7,112,38
7,113,53
7,114,42
7,115,29
7,116,23
7,117,42
7,118,9
7,119,70
7,120,48
7,121,51
7,122,11
7,123,12
7,124,17
7,125,54
7,126,45
7,127,22
7,128,19
7,129,27
7,130,5
7,131,1
7,132,12
7,133,4
7,134,6
7,135,31
7,136,8
7,137,17
7,138,33
7,139,16
7,140,8
7,141,34
7,142,28
7,143,56
7,144,35
7,145,11
7,146,56
7,147,35
7,148,10
7,149,25
7,150,14
7,151,37
7,152,66
7,153,30
7,154,8
7,155,13
7,156,60
7,157,25
7,158,4
7,159,51
7,160,32
7,161,22
7,162,46
7,163,33
7,164,28
7,165,44
7,166,40
7,167,22
7,168,38
7,169,40
7,170,31
7,171,74
7,172,15
7,173,26
7,174,12
7,175,19
7,176,13
7,177,24
7,178,65
7,179,7
7,180,21
7,181,59
7,182,7
7,183,23
7,184,10
7,185,31
7,186,19
7,187,24
7,188,20
7,189,38
7,190,23
7,191,11
7,192,22
7,193,34
7,194,83
7,195,81
7,196,27
7,197,28
7,198,35
7,199,47
7,200,7
7,201,32
7,202,30
7,203,60
7,204,21
7,205,34
7,206,40
7,207,57
7,208,36
7,209,66
7,210,6
7,211,72
7,212,8
7,213,4
7,214,31
7,215,7
7,216,25
7,217,64
7,218,42
7,219,5
7,220,52
7,221,26
7,222,14
7,223,45
7,224,35
7,225,21
7,226,46
7,227,14
7,228,64
7,229,29
7,230,16
7,231,5
7,232,10
7,233,12
7,234,39
7,235,4
7,236,13
7,237,55
7,238,12
7,239,15
7,240,6
7,241,21
7,242,32
7,243,22
7,244,21
7,245,4
7,246,21
7,247,35
7,248,5
7,249,42
7,250,44
7,251,5
7,252,33
7,253,18
7,254,16
7,255,29
7,256,10
7,257,52
7,258,25
7,259,9
7,260,12
7,261,14
7,262,27
7,263,15
7,264,5
7,265,17
7,266,26
7,267,31
7,268,33
7,269,13
7,270,17
7,271,32
7,272,13
7,273,13
7,274,11
7,275,27
7,276,24
7,277,25
7,278,13
7,279,16
7,280,10
7,281,2
7,282,38
7,283,9
7,284,17
7,285,39
7,286,12
7,287,15
7,288,53
7,289,10
7,290,9
7,291,14
7,292,30
7,293,52
7,294,7
7,295,49
7,296,24
7,297,5
7,298,12
7,299,12
7,300,10
7,301,12
7,302,8
7,303,14
7,304,30
7,305,21
7,306,17
7,307,15
7,308,14
7,309,5
7,310,9
7,311,10
7,312,37
7,313,24
7,314,40
7,315,11
7,316,22
7,317,22
7,318,17
7,319,10
7,320,61
7,321,16
7,322,12
7,323,63
7,324,10
7,325,38
7,326,21
7,327,25
7,328,36
7,329,11
7,330,27
7,331,28
7,332,46
7,333,4
7,334,14
7,335,9
7,336,13
7,337,9
7,338,13
7,339,11
7,340,12
7,341,28
7,342,16
7,343,17
7,344,16
7,345,31
7,346,13
7,347,10
7,348,7
7,349,10
7,350,7
7,351,42
7,352,44
7,353,19
7,354,11
7,355,12
7,356,7
7,357,14
7,358,16
7,359,11
7,360,30
7,361,34
7,362,31
7,363,16
7,364,24
7,365,17
7,366,10
7,367,46
7,368,36
7,369,43
7,370,27
7,371,46
7,372,52
7,373,41
7,374,24
7,375,30
7,376,43
7,377,25
7,378,46
7,379,34
7,380,23
7,381,38
7,382,19
7,383,16
7,384,13
7,385,13
7,386,12
7,387,15
7,388,10
7,389,59
7,390,14
7,391,15
7,392,28
7,393,16
7,394,28
7,395,41
7,396,37
7,397,45
7,398,46
7,399,11
7,400,20
7,401,28
7,402,54
7,403,59
7,404,19
7,405,43
7,406,19
7,407,21
7,408,15
7,409,33
7,410,10
7,411,27
7,412,19
7,413,27
7,414,15
7,415,9
7,416,59
7,417,66
7,418,27
7,419,14
7,420,16
7,421,20
7,422,3
7,423,6
7,424,4
7,425,15
7,426,31
7,427,12
7,428,17
7,429,17
7,430,24
7,431,23
7,432,18
7,433,37
7,434,12
7,435,49
7,436,22
7,437,5
7,438,6
7,439,32
7,440,9
7,441,24
7,442,21
7,443,3
7,444,12
7,445,25
7,446,41
7,447,20
7,448,29
7,449,35
7,450,23
7,451,43
7,452,8
7,453,12
7,454,11
7,455,14
7,456,14
7,457,10
7,458,21
7,459,9
7,460,13
7,461,11
7,462,26
7,463,11
7,464,11
7,465,10
7,466,9
7,467,10
7,468,10
7,469,9
7,470,13
7,471,17
7,472,29
7,473,11
7,474,14
7,475,51
7,476,13
7,477,58
7,478,27
7,479,6
7,480,3
7,481,9
7,482,21
7,483,19
7,484,13
7,485,18
7,486,8
7,487,30
7,488,22
7,489,2
7,490,9
7,491,18
7,492,18
7,493,11
7,494,21
7,495,54
7,496,14
7,497,25
7,498,14
7,499,43
7,500,17
7,501,10
7,502,17
7,503,41
7,504,23
7,505,8
7,506,7
7,507,40
7,508,36
7,509,39
7,510,21
7,511,4
7,512,2
7,513,27
7,514,12
7,515,13
7,516,13
7,517,16
7,518,15
7,519,20
7,520,32
7,521,17
7,522,6
7,523,12
7,524,32
7,525,37
7,526,50
7,527,2
7,528,9
7,529,7
7,530,38
7,531,14
7,532,19
7,533,14
7,534,18
7,535,15
7,536,14
7,537,39
7,538,9
7,539,17
7,540,5
7,541,38
7,542,33
7,543,15
7,544,21
7,545,25
7,546,19
7,547,24
7,548,36
7,549,9
7,550,8
7,551,28
7,552,26
7,553,30
7,554,29
7,555,7
7,556,35
7,557,18
7,558,34
7,559,32
7,560,15
7,561,15
7,562,26
7,563,10
7,564,7
7,565,6
7,566,38
7,567,17
7,568,13
7,569,25
7,570,22
7,571,13
7,572,6
7,573,12
7,574,16
7,575,19
7,576,23
7,577,10
7,578,34
7,579,10
7,580,29
7,581,19
7,582,28
7,583,10
7,584,19
7,585,16
7,586,14
7,587,17
7,588,13
7,589,22
7,590,10
7,591,25
7,592,45
7,593,4
7,594,30
7,595,5
7,596,10
7,597,29
7,598,38
7,599,9
7,600,20
7,601,17
7,602,4
7,603,9
7,604,96
7,605,1
7,606,13
7,607,10
7,608,10
7,609,10
7,610,14
7,611,14
7,612,19
7,613,30
7,614,17
7,615,33
7,616,23
7,617,2
7,618,9
7,619,36
7,620,45
7,621,20
7,622,4
7,623,6
7,624,15
7,625,4
7,626,31
7,627,3
7,628,9
7,629,10
7,630,11
7,631,22
7,632,17
7,633,16
7,634,20
7,635,34
7,636,37
7,637,16
7,638,18
7,639,12
7,640,21
7,641,10
7,642,14
7,643,44
7,644,13
7,645,22
7,646,24
7,647,16
7,648,16
7,649,64
7,650,18
7,651,19
7,652,19
7,653,25
7,654,14
7,655,7
7,656,6
7,657,8
7,658,44
7,659,4
7,660,18
7,661,20
7,662,10
7,663,24
7,664,20
7,665,14
7,666,18
7,667,22
7,668,7
7,669,28
7,670,8
7,671,32
7,672,19
7,673,31
7,674,21
7,675,20
7,676,21
7,677,19
7,678,6
7,679,52
7,680,9
7,681,7
7,682,36
7,683,24
7,684,14
7,685,27
7,686,18
7,687,22
7,688,37
7,689,29
7,690,6
7,691,26
7,692,43
7,693,12
7,694,24
7,695,9
7,696,9
7,697,35
7,698,51
7,699,13
7,700,13
7,701,23
7,702,14
7,703,21
7,704,26
7,705,14
7,706,24
7,707,5
7,708,15
7,709,9
7,710,43
7,711,14
7,712,24
7,713,9
7,714,2
7,715,18
7,716,10
7,717,1
7,718,30
7,719,31
7,720,23
7,721,21
7,722,75
7,723,25
7,724,19
7,725,53
7,726,16
7,727,26
7,728,3
7,729,16
7,730,14
7,731,27
7,732,19
7,733,20
7,734,70
7,735,19
7,736,14
7,737,11
7,738,9
7,739,5
7,740,9
7,741,7
7,742,9
7,743,12
7,744,24
7,745,13
7,746,16
7,747,8
7,748,16
7,749,18
7,750,26
7,751,22
7,752,2
7,753,11
7,754,14
7,755,7
7,756,12
7,757,37
7,758,11
7,759,25
7,760,30
7,761,11
7,762,18
7,763,9
7,764,33
7,765,64
7,766,11
7,767,33
7,768,8
7,769,13
7,770,9
7,771,6
7,772,29
7,773,10
7,774,35
7,775,23
7,776,22
7,777,14
7,778,12
7,779,13
7,780,9
7,781,11
7,782,18
7,783,11
7,784,27
7,785,17
7,786,4
7,787,19
7,788,7
7,789,15
7,790,12
7,791,19
7,792,34
7,793,3
7,794,3
7,795,12
7,796,4
7,797,8
7,798,15
7,799,18
7,800,25
7,801,53
7,802,23
7,803,23
7,804,12
7,805,13
7,806,39
7,807,11
7,808,44
7,809,11
7,810,21
7,811,26
7,812,18
7,813,6
7,814,7
7,815,12
7,816,23
7,817,16
7,818,6
7,819,14
7,820,30
7,821,38
8,1,14
8,2,25
8,3,51
8,4,27
8,5,53
8,6,37
8,7,28
8,8,13
8,9,7
8,10,29
8,11,23
8,12,16
8,13,26
8,14,26
8,15,15
8,16,29
8,17,19
8,18,17
8,19,24
8,20,16
8,21,32
8,22,6
8,23,19
8,24,18
8,25,25
8,26,12
8,27,18
8,28,9
8,30,22
8,31,19
8,32,70
8,33,20
8,34,4
8,35,19
8,36,18
8,37,4
8,38,7
8,39,14
8,40,26
8,41,6
8,42,4
8,43,15
8,44,16
8,45,19
8,46,29
8,47,14
8,48,29
8,49,12
8,50,14
8,51,40
8,52,21
8,53,9
8,54,27
8,55,17
8,56,31
8,57,4
8,58,9
8,59,34
8,60,19
8,61,3
8,62,25
8,63,11
8,64,9
8,65,11
8,66,14
8,67,21
8,68,24
8,69,16
8,70,12
8,71,11
8,72,31
8,73,17
8,74,4
8,75,11
8,76,13
8,77,9
8,78,14
8,79,4
8,80,12
8,81,9
8,82,33
8,83,17
8,84,44
8,85,37
8,86,23
8,87,22
8,88,6
8,89,14
8,90,9
8,91,8
8,92,15
8,93,40
8,94,13
8,95,39
8,96,5
8,97,20
8,98,90
8,99,12
8,100,11
8,101,13
8,102,12
8,103,18
8,104,54
8,105,17
8,106,28
8,107,6
8,108,30
8,109,5
8,110,8
8,111,2
8,112,33
8,113,25
8,114,13
8,115,9
8,116,38
8,117,16
8,118,33
8,119,19
8,120,11
8,121,22
8,122,8
8,123,28
8,124,3
8,125,18
8,126,14
8,127,11
8,128,2
8,129,7
8,130,16
8,131,14
8,132,13
8,133,34
8,134,11
8,135,41
8,136,32
8,137,17
8,138,18
8,139,18
8,140,9
8,141,12
8,142,21
8,143,9
8,144,11
8,145,20
8,146,5
8,147,13
8,148,4
8,149,10
8,150,8
8,151,13
8,152,27
8,153,6
8,154,8
8,155,11
8,156,6
8,157,7
8,158,18
8,159,7
8,160,6
8,161,4
8,162,17
8,163,15
8,164,44
8,165,10
8,166,31
8,167,26
8,168,37
8,169,9
8,170,9
8,171,9
8,172,25
8,173,20
8,174,12
8,175,8
8,176,2
8,177,8
8,178,5
8,179,10
8,180,22
8,181,21
8,182,8
8,183,20
8,184,12
8,185,10
8,186,38
8,187,22
8,188,15
8,189,21
8,190,15
8,191,12
8,192,23
8,193,5
8,194,15
8,195,7
8,196,51
8,197,17
8,198,8
8,199,5
8,200,4
8,201,20
8,202,31
8,203,21
8,204,7
8,205,10
8,206,63
8,207,25
8,208,16
8,209,20
8,210,56
8,211,8
8,212,18
8,213,5
8,214,10
8,215,33
8,216,17
8,217,10
8,218,87
8,219,18
8,220,44
8,221,35
8,222,6
8,223,40
8,224,136
8,225,8
8,226,58
8,227,14
8,228,7
8,229,61
8,230,25
8,231,33
8,232,19
8,233,27
8,234,18
8,235,42
8,236,8
8,237,5
8,238,8
8,239,23
8,240,12
8,241,16
8,242,17
8,243,27
8,244,17
8,245,59
8,246,25
8,247,39
8,248,15
8,249,8
8,250,14
8,251,48
8,252,19
8,253,13
8,254,7
8,255,13
8,256,30
8,257,6
8,258,49
8,259,19
8,260,19
8,261,16
8,262,17
8,263,14
8,264,28
8,265,6
8,266,3
8,267,9
8,268,12
8,269,2
8,270,4
8,271,32
8,272,9
8,273,4
8,274,33
8,275,16
8,276,15
8,277,14
8,278,15
8,279,14
8,280,20
8,281,17
8,282,17
8,283,6
8,284,3
8,285,30
8,286,8
8,287,21
8,288,5
8,289,9
8,290,4
8,291,12
8,292,7
8,293,6
8,294,12
8,295,10
8,296,19
8,297,21
8,298,20
8,299,6
8,300,19
8,301,4
8,302,31
8,303,7
8,304,10
8,305,11
8,306,9
8,307,13
8,308,25
8,309,39
8,310,13
8,311,11
8,312,36
8,313,11
8,314,5
8,315,10
8,316,22
8,317,12
8,318,9
8,319,16
8,320,8
8,321,18
8,322,8
8,323,8
8,324,3
8,325,20
8,326,8
8,327,20
8,328,19
8,329,13
8,330,26
8,331,18
8,332,17
8,333,13
8,334,30
8,335,9
8,336,20
8,337,10
8,338,4
8,339,15
8,340,10
8,341,7
8,342,9
8,343,8
8,344,24
8,345,30
8,346,16
8,347,9
8,348,6
8,349,23
8,350,45
8,351,35
8,352,14
8,353,17
8,354,11
8,355,16
8,356,35
8,357,29
8,358,8
8,359,6
8,360,14
8,361,66
8,362,12
8,363,12
8,364,66
8,365,41
8,366,38
8,367,23
8,368,13
8,369,13
8,370,17
8,371,35
8,372,25
8,373,4
8,374,24
8,375,9
8,376,10
8,377,17
8,378,26
8,379,17
8,380,5
8,381,10
8,382,49
8,383,38
8,384,13
8,385,71
8,386,6
8,387,20
8,388,35
8,389,19
8,390,34
8,391,7
8,392,19
8,393,53
8,394,37
8,395,17
8,396,18
8,397,25
8,398,13
8,399,7
8,400,47
8,401,16
8,402,7
8,403,5
8,404,22
8,405,6
8,406,36
8,407,15
8,408,10
8,409,45
8,410,18
8,411,22
8,412,32
8,413,23
8,414,44
8,415,30
8,416,57
8,417,8
8,418,52
8,419,29
8,420,40
8,421,5
8,422,14
8,423,20
8,424,12
8,425,88
8,426,24
8,427,19
8,428,15
8,429,19
8,430,58
8,431,17
8,432,21
8,433,20
8,434,16
8,435,26
8,436,2
8,437,12
8,438,20
8,439,3
8,440,9
8,441,26
8,442,10
8,443,2
8,444,16
8,445,1
8,446,20
8,447,33
8,448,22
8,449,25
8,450,22
8,451,29
8,452,4
8,453,28
8,454,13
8,455,30
8,456,8
8,457,43
8,458,11
8,459,8
8,460,20
8,461,13
8,462,13
8,463,34
8,464,20
8,465,10
8,466,5
8,467,1
8,468,23
8,469,24
8,470,8
8,471,22
8,472,13
8,473,18
8,474,27
8,475,12
8,476,4
8,477,5
8,478,6
8,479,9
8,480,12
8,481,14
8,482,14
8,483,12
8,484,12
8,485,7
8,486,29
8,487,10
8,488,5
8,489,19
8,490,18
8,491,24
8,492,13
8,493,73
8,494,2
8,495,13
8,496,12
8,497,26
8,498,26
8,499,55
8,500,16
8,501,31
8,502,30
8,503,4
8,504,41
8,505,15
8,506,27
8,507,6
8,508,3
8,509,8
8,510,18
8,511,4
8,512,4
8,513,13
8,514,20
8,515,28
8,516,23
8,517,15
8,518,5
8,519,30
8,520,8
8,521,27
8,522,15
8,523,9
8,524,33
8,525,12
8,526,26
8,527,16
8,528,22
8,529,24
8,530,13
8,531,20
8,532,8
8,533,41
8,534,9
8,535,30
8,536,35
8,537,9
8,538,21
8,539,5
8,540,38
8,541,21
8,542,14
8,543,6
8,544,8
8,545,21
8,546,23
8,547,14
8,548,19
8,549,12
8,550,6
8,551,10
8,552,28
8,553,10
8,554,13
8,555,8
8,556,6
8,557,6
8,558,20
8,559,13
8,560,15
8,561,17
8,562,30
8,563,18
8,564,7
8,565,4
8,566,31
8,567,4
8,568,14
8,569,7
8,570,12
8,571,16
8,572,16
8,573,12
8,574,8
8,575,25
8,576,8
8,577,7
8,578,11
8,579,10
8,580,30
8,581,24
8,582,12
8,583,23
8,584,10
8,585,7
8,586,13
8,587,19
8,588,12
8,589,9
8,590,6
8,591,8
8,592,5
8,593,17
8,594,32
8,595,6
8,596,9
8,597,28
8,598,16
8,599,6
8,600,19
8,601,11
8,602,31
8,603,46
8,604,20
8,605,10
8,606,5
9,1,2
9,2,35
9,3,36
9,4,61
9,5,66
9,6,72
9,7,42
9,8,57
9,9,27
9,10,122
9,11,71
9,12,22
9,13,44
9,14,55
9,15,51
9,16,42
9,17,27
9,18,29
9,19,18
9,20,34
9,21,27
9,22,28
9,23,16
9,24,28
9,25,33
9,26,62
9,27,45
9,28,104
9,29,40
9,30,10
9,31,29
9,32,64
9,33,68
9,34,58
9,35,13
9,36,38
9,37,16
9,38,50
9,39,51
9,40,18
9,41,9
9,42,25
9,43,148
9,44,82
9,45,51
9,46,5
9,47,4
9,48,12
9,49,19
9,50,61
9,51,18
9,52,35
9,53,15
9,54,36
9,55,51
9,56,20
9,57,35
9,58,18
9,59,22
9,60,30
9,61,6
9,62,11
9,63,9
9,64,15
9,65,51
9,66,44
9,67,24
9,68,7
9,69,13
9,70,20
9,71,32
9,72,50
9,73,42
9,74,9
9,75,26
9,76,29
9,77,18
9,78,13
9,79,8
9,80,40
9,81,31
9,82,11
9,83,42
9,84,31
9,85,36
9,86,64
9,87,41
9,88,7
9,89,5
9,90,32
9,91,35
9,92,34
9,93,15
9,94,18
9,95,21
9,96,18
9,97,52
9,98,34
9,99,37
9,100,32
9,101,58
9,102,41
9,103,30
9,104,8
9,105,4
9,106,16
9,107,20
9,108,27
9,109,17
9,110,15
9,111,8
9,112,31
9,113,25
9,114,17
9,115,17
9,116,78
9,117,8
9,118,5
9,119,16
9,120,6
9,121,16
9,122,37
9,123,44
9,124,15
9,125,14
9,126,34
9,127,8
9,128,52
9,129,54
9,130,36
9,131,30
9,132,33
9,133,5
9,134,12
9,135,32
9,136,30
9,137,21
9,138,38
9,139,38
9,140,20
9,141,18
9,142,11
9,143,27
9,144,37
9,145,25
9,146,20
9,147,59
9,148,9
9,149,7
9,150,12
9,151,4
9,152,18
9,153,18
9,154,8
9,155,7
9,156,5
9,157,10
9,158,6
9,159,18
9,160,11
9,161,22
9,162,9
9,163,10
9,164,19
9,165,7
9,166,3
9,167,12
9,168,4
9,169,11
9,170,9
9,171,9
9,172,10
9,173,9
9,174,13
9,175,16
9,176,21
9,177,7
9,178,7
9,179,22
9,180,6
9,181,13
9,182,18
9,183,11
9,184,19
9,185,11
9,186,14
9,187,6
9,188,22
9,189,15
9,190,29
9,191,22
9,192,9
9,193,12
9,194,21
9,195,24
9,196,18
9,197,4
9,198,13
9,199,24
9,200,26
9,201,10
9,202,27
9,203,7
9,204,27
9,205,76
9,206,18
9,207,68
9,208,38
9,209,9
9,210,9
9,211,24
9,212,29
9,213,20
9,214,25
9,215,13
9,216,12
9,217,6
9,218,6
9,219,29
9,220,9
9,221,14
9,222,14
9,223,18
9,224,8
9,225,29
9,226,26
9,227,4
9,228,9
9,229,19
9,230,13
9,231,61
9,232,17
9,233,7
9,234,16
9,235,38
9,236,18
9,237,25
9,238,12
9,239,24
9,240,23
9,241,39
9,242,23
9,243,18
9,244,7
9,245,26
9,246,14
9,247,23
9,248,13
9,249,25
9,250,42
9,251,6
9,252,15
9,253,15
9,254,10
9,255,6
9,256,14
9,257,19
9,258,24
9,259,11
9,260,29
9,261,17
9,262,26
9,263,24
9,264,23
9,265,5
9,266,11
9,267,24
9,268,44
9,269,135
9,270,10
9,271,48
9,272,15
9,273,50
9,274,22
9,275,33
9,276,20
9,277,58
9,278,54
9,279,10
9,280,23
9,281,21
9,282,30
9,283,18
9,284,21
9,285,13
9,286,16
9,287,9
9,288,21
9,289,12
9,290,18
9,291,13
9,292,23
9,293,27
9,294,49
9,295,34
9,296,40
9,297,26
9,298,16
9,299,26
9,300,20
9,301,34
9,302,15
9,303,37
9,304,38
9,305,38
9,306,32
9,307,9
9,308,39
9,309,38
9,310,25
9,311,49
9,312,66
9,313,40
9,314,14
9,315,55
9,316,20
9,317,15
9,318,21
9,319,11
9,320,7
9,321,30
9,322,41
9,323,25
9,324,31
9,325,12
9,326,26
9,327,17
9,328,18
9,329,31
9,330,10
9,331,20
9,332,12
9,333,15
9,334,42
9,335,37
9,336,19
9,337,10
9,338,32
9,339,21
9,340,10
9,341,6
9,342,17
9,343,27
9,344,10
9,345,39
9,346,17
9,347,5
9,348,13
9,349,25
9,350,7
9,351,8
9,352,11
9,353,37
9,354,11
9,355,8
9,356,7
9,357,14
10,1,30
10,2,20
10,3,24
10,4,43
10,5,10
10,6,7
10,7,2
10,8,17
10,9,9
10,10,14
10,11,22
10,12,44
10,13,23
10,14,11
10,15,16
10,16,20
10,17,21
10,18,14
10,19,25
10,20,21
10,21,40
10,22,30
10,23,18
10,24,38
10,25,12
10,26,7
10,27,27
10,28,30
10,29,8
10,30,9
10,31,24
10,32,13
10,33,29
10,34,16
10,35,17
10,36,9
10,37,23
10,38,15
10,39,25
10,40,31
10,41,16
10,42,66
10,43,51
10,44,26
10,45,5
10,46,14
10,47,7
10,48,32
10,49,7
10,50,27
10,51,23
10,52,49
10,53,27
10,54,20
10,55,19
10,56,21
10,57,25
10,58,28
10,59,19
10,60,42
10,61,28
10,62,18
10,63,23
10,64,33
10,65,15
10,66,42
10,67,17
10,68,21
10,69,43
10,70,16
10,71,15
10,72,22
10,73,24
10,74,30
10,75,22
10,76,41
10,77,25
10,78,25
10,79,18
10,80,44
10,81,16
10,82,40
10,83,3
10,84,2
10,85,3
10,86,5
10,87,5
10,88,3
10,89,3
10,90,3
10,91,7
10,92,5
10,93,16
10,94,7
10,95,9
10,96,10
10,97,27
10,98,20
10,99,3
10,100,13
